{
  "questions": [
    {
      "question": "Čo sú agilné metódy?",
      "options": [
        "Iteratívne a flexibilné prístupy k vývoju softvéru",
        "Metódy na testovanie softvéru",
        "Striktné sekvenčné kroky vývoja",
        "Automatizované nástroje na ladenie kódu"
      ],
      "correct_answer": "Iteratívne a flexibilné prístupy k vývoju softvéru",
      "explanation": "Agilné metódy kladú dôraz na krátke iterácie, flexibilitu a spoluprácu so zákazníkom."
    },
    {
      "question": "Ktorý princíp patrí medzi základné hodnoty agilného manifestu?",
      "options": [
        "Jednotlivci a interakcie sú dôležitejšie ako procesy a nástroje",
        "Striktné plánovanie na začiatku projektu",
        "Komplexná dokumentácia je prioritou",
        "Automatizácia všetkých krokov vývoja"
      ],
      "correct_answer": "Jednotlivci a interakcie sú dôležitejšie ako procesy a nástroje",
      "explanation": "Agilný manifest zdôrazňuje ľudí a ich spoluprácu nad procesmi a nástrojmi."
    },
    {
      "question": "Aké sú hlavné výhody agilných metód?",
      "options": [
        "Flexibilita, skoré doručenie, spolupráca so zákazníkom",
        "Lacný vývoj, minimalizácia testovania, eliminácia rizík",
        "Podrobná dokumentácia, striktné plánovanie, nižšia cena",
        "Rýchlejšia dokumentácia, minimalizácia počtu iterácií, zvýšený výkon"
      ],
      "correct_answer": "Flexibilita, skoré doručenie, spolupráca so zákazníkom",
      "explanation": "Agilné metódy umožňujú rýchle prispôsobenie sa zmenám a lepšiu spoluprácu so zákazníkom."
    },
    {
      "question": "Ktoré techniky sa často používajú v agilných metódach?",
      "options": [
        "Denné stand-up meetingy, párové programovanie, prírastkové dodanie",
        "Sekvenčné kroky, podrobná dokumentácia, validácia na konci projektu",
        "Testovanie na konci projektu, minimalizácia interakcií, plánované zmeny",
        "Jasne definované fázy, oddelené tímy, obmedzené iterácie"
      ],
      "correct_answer": "Denné stand-up meetingy, párové programovanie, prírastkové dodanie",
      "explanation": "Tieto techniky podporujú spoluprácu, transparentnosť a postupné doručovanie funkčnosti."
    },
    {
      "question": "Čo znamená prírastkové dodanie v agilných metódach?",
      "options": [
        "Postupné pridávanie funkcií do systému počas iterácií",
        "Dokončenie celého systému naraz na konci vývoja",
        "Testovanie systému pred implementáciou nových funkcií",
        "Automatické generovanie dokumentácie počas vývoja"
      ],
      "correct_answer": "Postupné pridávanie funkcií do systému počas iterácií",
      "explanation": "Prírastkové dodanie umožňuje dodávať funkčné časti systému postupne, čo zvyšuje flexibilitu."
    },
    {
      "question": "Ktoré z nasledujúcich NIE je agilná metóda?",
      "options": [
        "Scrum",
        "Kanban",
        "Extreme Programming (XP)",
        "Waterfall"
      ],
      "correct_answer": "Waterfall",
      "explanation": "Vodopádový model je tradičný sekvenčný prístup a nie je súčasťou agilných metód."
    },
    {
      "question": "Čo je backlog v agilnom vývoji?",
      "options": [
        "Zoznam úloh alebo požiadaviek čakajúcich na implementáciu",
        "Testovací nástroj na validáciu softvéru",
        "Dokumentácia popisujúca architektúru systému",
        "Zoznam problémov s kompatibilitou systému"
      ],
      "correct_answer": "Zoznam úloh alebo požiadaviek čakajúcich na implementáciu",
      "explanation": "Backlog obsahuje zoznam úloh, ktoré sa plánujú implementovať v budúcich iteráciách."
    },
    {
      "question": "Aký je cieľ denného stand-up meetingu?",
      "options": [
        "Koordinovať tím a identifikovať prekážky v práci",
        "Napísať podrobnú dokumentáciu k aktuálnym úlohám",
        "Plánovať dlhodobé stratégie tímu",
        "Overiť výkon softvéru v reálnom čase"
      ],
      "correct_answer": "Koordinovať tím a identifikovať prekážky v práci",
      "explanation": "Denné stand-up meetingy zlepšujú komunikáciu v tíme a pomáhajú rýchlo riešiť problémy."
    },
    {
      "question": "Čo je dôležitou súčasťou retrospektívy v agilných metódach?",
      "options": [
        "Zhodnotenie, čo fungovalo a čo je potrebné zlepšiť",
        "Vyhodnotenie technickej dokumentácie",
        "Zníženie počtu iterácií projektu",
        "Validácia všetkých funkcií systému"
      ],
      "correct_answer": "Zhodnotenie, čo fungovalo a čo je potrebné zlepšiť",
      "explanation": "Retrospektíva umožňuje tímu zlepšovať procesy na základe spätnej väzby."
    },
    {
      "question": "Čo znamená MVP (Minimum Viable Product) v agilnom vývoji?",
      "options": [
        "Najmenší funkčný produkt, ktorý môže byť vydaný",
        "Dokončený systém so všetkými plánovanými funkciami",
        "Prototyp aplikácie s minimálnym dizajnom",
        "Testovací nástroj na kontrolu výkonu"
      ],
      "correct_answer": "Najmenší funkčný produkt, ktorý môže byť vydaný",
      "explanation": "MVP umožňuje čo najrýchlejšie overiť produkt na trhu s minimálnymi nákladmi."
    }
  ]
}
