{
  "questions": [
    {
      "question": "Čo je hlavným cieľom návrhu architektúry?",
      "options": [
        "Definovať celkovú štruktúru systému",
        "Napísať podrobnú dokumentáciu kódu",
        "Optimalizovať výkon aplikácie",
        "Minimalizovať náklady na vývoj"
      ],
      "correct_answer": "Definovať celkovú štruktúru systému",
      "explanation": "Hlavným cieľom návrhu architektúry je určiť, ako budú jednotlivé časti systému spolupracovať."
    },
    {
      "question": "Ktorý architektonický vzor oddeľuje prezentáciu, logiku a dáta?",
      "options": [
        "Model-View-Controller (MVC)",
        "Client-Server",
        "Microservices",
        "Layered architecture"
      ],
      "correct_answer": "Model-View-Controller (MVC)",
      "explanation": "MVC rozdeľuje aplikáciu na tri časti: model pre dáta, view pre prezentáciu a controller pre logiku."
    },
    {
      "question": "Ktoré z nasledujúcich NIE je typickým prvkom architektonického návrhu?",
      "options": [
        "Modularita",
        "Testovacie scenáre",
        "Distribúcia komponentov",
        "Škálovateľnosť"
      ],
      "correct_answer": "Testovacie scenáre",
      "explanation": "Testovacie scenáre nie sú súčasťou návrhu architektúry, ale skôr fázy testovania."
    },
    {
      "question": "Čo je hlavnou výhodou vrstvenej architektúry?",
      "options": [
        "Umožňuje oddelenie funkcionalít medzi vrstvami",
        "Minimalizuje počet komponentov v systéme",
        "Eliminuje potrebu dokumentácie",
        "Zvyšuje rýchlosť vývoja"
      ],
      "correct_answer": "Umožňuje oddelenie funkcionalít medzi vrstvami",
      "explanation": "Vrstvená architektúra zjednodušuje údržbu a umožňuje oddeliť rôzne časti systému."
    },
    {
      "question": "Ktorý architektonický štýl je vhodný pre distribuované systémy?",
      "options": [
        "Client-Server",
        "Monolitická architektúra",
        "Layered architecture",
        "Model-View-Controller"
      ],
      "correct_answer": "Client-Server",
      "explanation": "Client-Server architektúra je bežne používaná pre distribuované systémy, kde klienti komunikujú so servermi."
    },
    {
      "question": "Čo znamená pojem 'škálovateľnosť' v architektúre systému?",
      "options": [
        "Schopnosť systému rásť a prispôsobiť sa zvýšeným požiadavkám",
        "Jednoduchosť implementácie kódu",
        "Nízke náklady na vývoj",
        "Zabezpečenie súladu s požiadavkami"
      ],
      "correct_answer": "Schopnosť systému rásť a prispôsobiť sa zvýšeným požiadavkám",
      "explanation": "Škálovateľnosť umožňuje systému prispôsobiť sa rastúcim požiadavkám bez straty výkonu."
    },
    {
      "question": "Ktorý z nasledujúcich je príklad centrálneho úložiska údajov?",
      "options": [
        "Jedna databáza, ku ktorej pristupujú všetky komponenty systému",
        "Každý komponent má vlastnú databázu",
        "Dáta sa uchovávajú v pamäti každého klienta",
        "Žiadna centrálna správa údajov nie je použitá"
      ],
      "correct_answer": "Jedna databáza, ku ktorej pristupujú všetky komponenty systému",
      "explanation": "Centrálne úložisko údajov znamená, že všetky dáta sú spravované jednou databázou prístupnou pre všetky časti systému."
    },
    {
      "question": "Čo je zmyslom mikroservisnej architektúry?",
      "options": [
        "Rozdelenie systému na malé, nezávislé služby",
        "Zlúčenie všetkých komponentov do jedného celku",
        "Použitie výhradne klient-server modelu",
        "Minimalizácia počtu serverov"
      ],
      "correct_answer": "Rozdelenie systému na malé, nezávislé služby",
      "explanation": "Mikroservisná architektúra umožňuje vytvárať malé, nezávislé služby, ktoré komunikujú medzi sebou cez API."
    },
    {
      "question": "Aký je hlavný účel architektonického modelovania?",
      "options": [
        "Vizualizovať štruktúru a vzťahy systému",
        "Testovať výkon systému",
        "Optimalizovať používateľské rozhranie",
        "Minimalizovať počet chýb v kóde"
      ],
      "correct_answer": "Vizualizovať štruktúru a vzťahy systému",
      "explanation": "Architektonické modelovanie pomáha vizualizovať organizáciu systému a vzťahy medzi jeho komponentmi."
    },
    {
      "question": "Kedy je vhodné použiť architektúru typu peer-to-peer?",
      "options": [
        "Keď každý uzol potrebuje rovnaké možnosti a zodpovednosti",
        "Keď systém vyžaduje centralizovanú kontrolu",
        "Keď systém má iba jedného používateľa",
        "Keď sa minimalizuje prenos údajov medzi uzlami"
      ],
      "correct_answer": "Keď každý uzol potrebuje rovnaké možnosti a zodpovednosti",
      "explanation": "Peer-to-peer architektúra je vhodná, keď všetky uzly v systéme majú rovnaké práva a funkcie."
    }
  ]
}
