{
  "questions": [
    {
      "question": "Čo je hlavnou vlastnosťou spoľahlivého systému?",
      "options": [
        "Nízka cena",
        "Spoľahlivosť pri všetkých podmienkach",
        "Vysoký výkon",
        "Jednoduchá údržba"
      ],
      "correct_answer": "Spoľahlivosť pri všetkých podmienkach",
      "explanation": "Hlavnou vlastnosťou spoľahlivého systému je jeho schopnosť fungovať správne aj v nepredvídaných situáciách."
    },
    {
      "question": "Aké atribúty zahŕňa spoľahlivosť systému?",
      "options": [
        "Dostupnosť, bezpečnosť, robustnosť",
        "Efektívnosť, jednoduchosť, výkon",
        "Spoľahlivosť, modularita, cena"
      ],
      "correct_answer": "Dostupnosť, bezpečnosť, robustnosť",
      "explanation": "Spoľahlivosť systému zahŕňa vlastnosti ako dostupnosť, bezpečnosť a schopnosť zotaviť sa z chýb."
    },
    {
      "question": "Čo je najčastejšou príčinou zlyhania spoľahlivých systémov?",
      "options": [
        "Náhodné chyby softvéru",
        "Chyby spôsobené používateľmi",
        "Zlyhanie hardvéru",
        "Všetky uvedené"
      ],
      "correct_answer": "Všetky uvedené",
      "explanation": "Zlyhanie systému môže byť spôsobené kombináciou hardvérových, softvérových a používateľských chýb."
    },
    {
      "question": "Aká je hlavná výzva pri zvyšovaní spoľahlivosti systému?",
      "options": [
        "Zvýšenie výkonu systému",
        "Zvýšenie nákladov na vývoj",
        "Zníženie bezpečnostných opatrení",
        "Zabezpečenie interoperability"
      ],
      "correct_answer": "Zvýšenie nákladov na vývoj",
      "explanation": "Zvyšovanie spoľahlivosti systému často vedie k vyšším nákladom na vývoj."
    },
    {
      "question": "Čo znamená odolnosť systému?",
      "options": [
        "Schopnosť systému odolať chybám a zotaviť sa",
        "Schopnosť systému bežať rýchlo",
        "Schopnosť systému vykonávať pokročilé úlohy",
        "Schopnosť systému pracovať s nízkymi nákladmi"
      ],
      "correct_answer": "Schopnosť systému odolať chybám a zotaviť sa",
      "explanation": "Odolnosť systému znamená jeho schopnosť zotaviť sa z chýb a pokračovať v prevádzke."
    },
    {
      "question": "Ktorý z nasledujúcich faktorov je kľúčový pre spoľahlivé systémy?",
      "options": [
        "Nízka cena výroby",
        "Minimalizácia chýb",
        "Maximalizácia zisku",
        "Zníženie vývojového času"
      ],
      "correct_answer": "Minimalizácia chýb",
      "explanation": "Spoľahlivé systémy sú navrhnuté tak, aby minimalizovali riziko chýb počas ich životného cyklu."
    },
    {
      "question": "Aká vlastnosť umožňuje systému pokračovať v práci aj po zlyhaní niektorej jeho časti?",
      "options": [
        "Robustnosť",
        "Dostupnosť",
        "Chybová tolerancia",
        "Jednoduchosť"
      ],
      "correct_answer": "Chybová tolerancia",
      "explanation": "Chybová tolerancia znamená, že systém je schopný pokračovať v práci aj po zlyhaní jeho časti."
    },
    {
      "question": "Aké sú hlavné typy kritických systémov?",
      "options": [
        "Bezpečnostne kritické, podnikateľské kritické, misijné kritické",
        "Softvérové kritické, hardvérové kritické, užívateľské kritické",
        "Finančné kritické, technologické kritické, manažérske kritické"
      ],
      "correct_answer": "Bezpečnostne kritické, podnikateľské kritické, misijné kritické",
      "explanation": "Tieto typy systémov sú kritické v rôznych kontextoch, ako je bezpečnosť, podnikanie a misie."
    },
    {
      "question": "Čo je dostupnosť systému?",
      "options": [
        "Pravdepodobnosť, že systém bude dostupný na používanie v danom čase",
        "Rýchlosť systému pri vykonávaní úloh",
        "Cena systému pri nasadení",
        "Schopnosť systému poskytovať pokročilé služby"
      ],
      "correct_answer": "Pravdepodobnosť, že systém bude dostupný na používanie v danom čase",
      "explanation": "Dostupnosť odráža, ako často a kedy je systém schopný poskytovať svoje služby."
    },
    {
      "question": "Ktorý z nasledujúcich je príklad bezpečnostne kritického systému?",
      "options": [
        "Navigačný systém auta",
        "Systém riadenia jadrovej elektrárne",
        "Online predajný systém",
        "Aplikácia pre sociálne siete"
      ],
      "correct_answer": "Systém riadenia jadrovej elektrárne",
      "explanation": "Bezpečnostne kritické systémy zahŕňajú systémy, kde zlyhanie môže spôsobiť stratu života alebo poškodenie prostredia."
    },
    {
      "question": "Čo znamená bezpečnosť systému?",
      "options": [
        "Schopnosť systému odolať útokom",
        "Schopnosť systému byť rýchly",
        "Jednoduchosť systému",
        "Cena systému"
      ],
      "correct_answer": "Schopnosť systému odolať útokom",
      "explanation": "Bezpečnosť systému znamená jeho schopnosť chrániť sa pred vonkajšími aj vnútornými hrozbami."
    },
    {
      "question": "Čo zahŕňa validácia systému?",
      "options": [
        "Overenie, že systém spĺňa svoje špecifikácie",
        "Testovanie výkonu systému",
        "Zníženie nákladov na vývoj",
        "Minimalizácia času vývoja"
      ],
      "correct_answer": "Overenie, že systém spĺňa svoje špecifikácie",
      "explanation": "Validácia zahŕňa kontrolu, že systém spĺňa požiadavky stanovené počas jeho vývoja."
    },
    {
      "question": "Aký je rozdiel medzi bezpečnosťou a spoľahlivosťou systému?",
      "options": [
        "Bezpečnosť sa zameriava na ochranu pred útokmi, spoľahlivosť na správnu funkčnosť",
        "Spoľahlivosť zahŕňa bezpečnosť, ale bezpečnosť nezahŕňa spoľahlivosť",
        "Bezpečnosť je dôležitejšia ako spoľahlivosť",
        "Spoľahlivosť je dôležitejšia ako bezpečnosť"
      ],
      "correct_answer": "Bezpečnosť sa zameriava na ochranu pred útokmi, spoľahlivosť na správnu funkčnosť",
      "explanation": "Bezpečnosť a spoľahlivosť sú prepojené, ale majú odlišné zameranie."
    }
  ]
}
