{
  "questions": [
    {
      "question": "Čo je špecifikácia požiadaviek?",
      "options": [
        "Dokumentácia funkčných a nefunkčných požiadaviek systému",
        "Proces validácie softvéru",
        "Nástroj na testovanie softvéru",
        "Model návrhu systému"
      ],
      "correct_answer": "Dokumentácia funkčných a nefunkčných požiadaviek systému",
      "explanation": "Špecifikácia požiadaviek popisuje funkčné a nefunkčné požiadavky systému, ktoré musí softvér splniť."
    },
    {
      "question": "Ktoré dve hlavné kategórie požiadaviek poznáme?",
      "options": [
        "Funkčné a nefunkčné",
        "Systémové a architektonické",
        "Užívateľské a vývojové",
        "Dizajnové a implementačné"
      ],
      "correct_answer": "Funkčné a nefunkčné",
      "explanation": "Funkčné požiadavky definujú správanie systému, zatiaľ čo nefunkčné špecifikujú jeho vlastnosti, ako je výkon alebo bezpečnosť."
    },
    {
      "question": "Aký je rozdiel medzi používateľskými a systémovými požiadavkami?",
      "options": [
        "Používateľské sú zrozumiteľné pre zákazníka, systémové sú technicky detailné",
        "Používateľské požiadavky sú nepovinné, systémové povinné",
        "Používateľské požiadavky sú vždy nefunkčné, systémové funkčné",
        "Používateľské požiadavky sa týkajú len rozhrania systému"
      ],
      "correct_answer": "Používateľské sú zrozumiteľné pre zákazníka, systémové sú technicky detailné",
      "explanation": "Používateľské požiadavky sú určené zákazníkom a systémové špecifikujú, ako bude systém implementovaný."
    },
    {
      "question": "Aké sú tri hlavné typy nefunkčných požiadaviek?",
      "options": [
        "Produktové, organizačné, externé",
        "Bezpečnostné, výkonnostné, udržiavateľné",
        "Architektonické, implementačné, systémové",
        "Dizajnové, procesné, špecifikačné"
      ],
      "correct_answer": "Produktové, organizačné, externé",
      "explanation": "Tieto tri typy nefunkčných požiadaviek pokrývajú produktové vlastnosti, organizačné pravidlá a vonkajšie faktory."
    },
    {
      "question": "Čo zahŕňajú funkčné požiadavky?",
      "options": [
        "Špecifikáciu služieb a správania systému",
        "Výkonnostné a bezpečnostné ciele",
        "Technickú dokumentáciu",
        "Spätnú väzbu od zákazníkov"
      ],
      "correct_answer": "Špecifikáciu služieb a správania systému",
      "explanation": "Funkčné požiadavky opisujú, aké služby má systém poskytovať a ako sa má správať v rôznych situáciách."
    },
    {
      "question": "Čo sú doménové požiadavky?",
      "options": [
        "Požiadavky špecifické pre danú aplikačnú oblasť",
        "Požiadavky na testovanie systému",
        "Požiadavky súvisiace s údržbou systému",
        "Požiadavky na konfiguráciu systému"
      ],
      "correct_answer": "Požiadavky špecifické pre danú aplikačnú oblasť",
      "explanation": "Doménové požiadavky vychádzajú zo špecifík aplikačnej oblasti, pre ktorú je systém určený."
    },
    {
      "question": "Aké riziká môžu vzniknúť pri použití prirodzeného jazyka na špecifikáciu požiadaviek?",
      "options": [
        "Nejasnosť, nejednoznačnosť, konflikty v požiadavkách",
        "Znížená efektivita, vyššie náklady, nespokojnosť zákazníka",
        "Príliš veľa detailov, nedostatok spätnej väzby, dlhé trvanie procesu",
        "Obmedzená modularita, neudržiavateľnosť, nízka bezpečnosť"
      ],
      "correct_answer": "Nejasnosť, nejednoznačnosť, konflikty v požiadavkách",
      "explanation": "Prirodzený jazyk môže viesť k nejasnostiam a rozdielnym interpretáciám, čo spôsobuje konflikty."
    },
    {
      "question": "Ktoré techniky sa používajú na získavanie požiadaviek?",
      "options": [
        "Rozhovory, workshopy, prototypovanie",
        "Štatistické analýzy, benchmarking, automatizované skripty",
        "Validácia, kontrola, integrácia",
        "Modelovanie, štrukturálne diagramy, testovanie"
      ],
      "correct_answer": "Rozhovory, workshopy, prototypovanie",
      "explanation": "Tieto techniky umožňujú efektívne získavanie požiadaviek od zainteresovaných strán."
    },
    {
      "question": "Aký je cieľ validácie požiadaviek?",
      "options": [
        "Zabezpečiť, že požiadavky sú úplné a konzistentné",
        "Zjednodušiť implementáciu systému",
        "Maximalizovať zisk zákazníka",
        "Urýchliť vývoj systému"
      ],
      "correct_answer": "Zabezpečiť, že požiadavky sú úplné a konzistentné",
      "explanation": "Validácia zabezpečuje, že všetky požiadavky sú správne definované, konzistentné a pripravené na implementáciu."
    },
    {
      "question": "Čo je štruktúrovaný prirodzený jazyk?",
      "options": [
        "Štandardizovaná forma zápisu požiadaviek",
        "Programovací jazyk na validáciu požiadaviek",
        "Metóda modelovania systému",
        "Nástroj na testovanie softvéru"
      ],
      "correct_answer": "Štandardizovaná forma zápisu požiadaviek",
      "explanation": "Štruktúrovaný prirodzený jazyk využíva štandardizované šablóny na zjednodušenie zápisu a zníženie nejednoznačnosti."
    }
  ]
}
