{
  "questions": [
    {
      "question": "Čo je bezpečnostné inžinierstvo?",
      "options": [
        "Návrh systémov odolných voči útokom",
        "Proces znižovania nákladov na vývoj",
        "Testovanie výkonu softvéru",
        "Zlepšenie používateľského rozhrania"
      ],
      "correct_answer": "Návrh systémov odolných voči útokom",
      "explanation": "Bezpečnostné inžinierstvo zahŕňa návrh a implementáciu systémov, ktoré sú schopné odolávať malvéru a iným hrozbám."
    },
    {
      "question": "Aké sú tri hlavné bezpečnostné dimenzie?",
      "options": [
        "Dôvernosť, integrita, dostupnosť",
        "Výkonnosť, spoľahlivosť, škálovateľnosť",
        "Odozva, jednoduchosť, cena",
        "Autorizácia, overovanie, redundancia"
      ],
      "correct_answer": "Dôvernosť, integrita, dostupnosť",
      "explanation": "Tieto tri dimenzie pokrývajú hlavné aspekty bezpečnosti systému: ochranu údajov, ich presnosť a dostupnosť."
    },
    {
      "question": "Čo znamená dôvernosť v bezpečnostnom kontexte?",
      "options": [
        "Zabezpečenie, že k údajom majú prístup len autorizované osoby",
        "Ochranu systému pred zlyhaním",
        "Zabezpečenie nepretržitej dostupnosti služieb",
        "Rýchlosť spracovania požiadaviek"
      ],
      "correct_answer": "Zabezpečenie, že k údajom majú prístup len autorizované osoby",
      "explanation": "Dôvernosť znamená ochranu údajov pred neoprávneným prístupom."
    },
    {
      "question": "Čo je hlavným cieľom bezpečnostného auditu?",
      "options": [
        "Identifikovať zraniteľnosti systému",
        "Minimalizovať náklady na údržbu",
        "Optimalizovať výkon aplikácie",
        "Zjednodušiť používateľské rozhranie"
      ],
      "correct_answer": "Identifikovať zraniteľnosti systému",
      "explanation": "Bezpečnostný audit analyzuje systém s cieľom identifikovať možné slabiny, ktoré by mohli byť zneužité."
    },
    {
      "question": "Aký je účel šifrovania údajov?",
      "options": [
        "Ochrana údajov pred neoprávneným prístupom",
        "Zrýchlenie spracovania dát",
        "Zníženie veľkosti súborov",
        "Zabezpečenie kompatibility medzi systémami"
      ],
      "correct_answer": "Ochrana údajov pred neoprávneným prístupom",
      "explanation": "Šifrovanie zabezpečuje, že údaje sú chránené a čitateľné len pre autorizované osoby."
    },
    {
      "question": "Čo je rozdiel medzi autentifikáciou a autorizáciou?",
      "options": [
        "Autentifikácia overuje identitu, autorizácia určuje prístupové práva",
        "Autorizácia overuje identitu, autentifikácia určuje prístupové práva",
        "Obe znamenajú to isté",
        "Autorizácia sa týka len fyzických zariadení"
      ],
      "correct_answer": "Autentifikácia overuje identitu, autorizácia určuje prístupové práva",
      "explanation": "Autentifikácia je proces overenia identity používateľa, zatiaľ čo autorizácia rozhoduje o jeho prístupových právach."
    },
    {
      "question": "Čo znamená pojem 'útok typu DoS'?",
      "options": [
        "Denial of Service, útok zameraný na narušenie dostupnosti služby",
        "Distributed Online Spoofing, útok na šifrovanie údajov",
        "Data Obfuscation Scheme, ochrana údajov pred krádežou",
        "Dynamic Optimization Service, optimalizácia výkonu systému"
      ],
      "correct_answer": "Denial of Service, útok zameraný na narušenie dostupnosti služby",
      "explanation": "Útok DoS zahŕňa zahltenie systému veľkým množstvom požiadaviek, čo spôsobí jeho nedostupnosť."
    },
    {
      "question": "Čo je dvojfaktorová autentifikácia (2FA)?",
      "options": [
        "Bezpečnostný mechanizmus, ktorý kombinuje dva rôzne spôsoby overenia identity",
        "Použitie rovnakého hesla na dvoch rôznych platformách",
        "Zabezpečenie systému pomocou dvojitého šifrovania",
        "Testovanie systému s dvoma rôznymi konfiguráciami"
      ],
      "correct_answer": "Bezpečnostný mechanizmus, ktorý kombinuje dva rôzne spôsoby overenia identity",
      "explanation": "2FA pridáva dodatočnú vrstvu bezpečnosti tým, že kombinuje niečo, čo používateľ vie (heslo), a niečo, čo má (napr. telefón)."
    },
    {
      "question": "Aký je význam bezpečnostného plánu?",
      "options": [
        "Definuje stratégie a opatrenia na ochranu systému",
        "Plánuje náklady na vývoj softvéru",
        "Zameriava sa na zlepšenie výkonu aplikácie",
        "Popisuje postupy pre integráciu systému"
      ],
      "correct_answer": "Definuje stratégie a opatrenia na ochranu systému",
      "explanation": "Bezpečnostný plán stanovuje kroky, ktoré treba vykonať na zabezpečenie systému pred potenciálnymi hrozbami."
    },
    {
      "question": "Aký typ hrozby predstavuje phishing?",
      "options": [
        "Sociálne inžinierstvo na získanie citlivých údajov",
        "Útok na fyzickú infraštruktúru systému",
        "Automatizovaný útok na výkon systému",
        "Zneužitie nesprávne nakonfigurovaných serverov"
      ],
      "correct_answer": "Sociálne inžinierstvo na získanie citlivých údajov",
      "explanation": "Phishing využíva manipuláciu používateľov na získanie ich osobných údajov, ako sú heslá alebo bankové informácie."
    }
  ]
}
