{
  "questions": [
    {
      "question": "Aký je hlavný cieľ testovania softvéru?",
      "options": [
        "Zníženie nákladov na vývoj",
        "Overenie, že softvér spĺňa požiadavky",
        "Zvýšenie výkonu systému",
        "Minimalizácia počtu dokumentov"
      ],
      "correct_answer": "Overenie, že softvér spĺňa požiadavky",
      "explanation": "Testovanie softvéru je určené na overenie jeho správnosti a zhody s požiadavkami."
    },
    {
      "question": "Aké sú hlavné typy testovania softvéru?",
      "options": [
        "Funkčné, nefunkčné, regresné",
        "Manuálne, automatizované, dynamické",
        "White-box, black-box, gray-box",
        "Validácia, verifikácia, optimalizácia"
      ],
      "correct_answer": "White-box, black-box, gray-box",
      "explanation": "Tieto typy testovania sa líšia úrovňou prístupu k interným štruktúram softvéru."
    },
    {
      "question": "Čo je white-box testovanie?",
      "options": [
        "Testovanie funkčnosti systému bez prístupu k internému kódu",
        "Testovanie vnútornej logiky systému pomocou prístupu ku kódu",
        "Testovanie len vizuálnych aspektov softvéru",
        "Testovanie výkonu systému v reálnom čase"
      ],
      "correct_answer": "Testovanie vnútornej logiky systému pomocou prístupu ku kódu",
      "explanation": "White-box testovanie zahŕňa analýzu a testovanie interných štruktúr softvéru."
    },
    {
      "question": "Ktoré testovanie sa používa na overenie súladu softvéru s požiadavkami zákazníka?",
      "options": [
        "Jednotkové testovanie",
        "Systémové testovanie",
        "Akceptačné testovanie",
        "Komponentové testovanie"
      ],
      "correct_answer": "Akceptačné testovanie",
      "explanation": "Akceptačné testovanie sa vykonáva s cieľom overiť, či systém spĺňa požiadavky zákazníka."
    },
    {
      "question": "Čo je cieľom regresného testovania?",
      "options": [
        "Overiť, že nové zmeny neovplyvnili existujúcu funkcionalitu",
        "Testovať výkon systému v záťažových situáciách",
        "Analyzovať chyby v kóde",
        "Optimalizovať rýchlosť aplikácie"
      ],
      "correct_answer": "Overiť, že nové zmeny neovplyvnili existujúcu funkcionalitu",
      "explanation": "Regresné testovanie zabezpečuje, že nové zmeny alebo opravy neovplyvnili správnu funkčnosť systému."
    },
    {
      "question": "Kedy sa vykonáva integračné testovanie?",
      "options": [
        "Po ukončení akceptačného testovania",
        "Pred začiatkom jednotkového testovania",
        "Po ukončení jednotkového testovania a pred systémovým testovaním",
        "Len pri vývoji webových aplikácií"
      ],
      "correct_answer": "Po ukončení jednotkového testovania a pred systémovým testovaním",
      "explanation": "Integračné testovanie je vykonávané na overenie interakcií medzi rôznymi komponentmi systému."
    },
    {
      "question": "Čo je black-box testovanie?",
      "options": [
        "Testovanie systému bez prístupu k jeho internému kódu",
        "Testovanie len logických štruktúr softvéru",
        "Testovanie výkonu systému na nízkej úrovni",
        "Testovanie dizajnu používateľského rozhrania"
      ],
      "correct_answer": "Testovanie systému bez prístupu k jeho internému kódu",
      "explanation": "Black-box testovanie sa zameriava na vstupy a výstupy systému bez znalosti jeho interných štruktúr."
    },
    {
      "question": "Aký je hlavný cieľ záťažového testovania?",
      "options": [
        "Testovať systém pri extrémnych podmienkach",
        "Analyzovať chyby v používateľskom rozhraní",
        "Overiť bezpečnostné požiadavky",
        "Minimalizovať čas potrebný na vývoj"
      ],
      "correct_answer": "Testovať systém pri extrémnych podmienkach",
      "explanation": "Záťažové testovanie overuje schopnosť systému zvládnuť vysokú záťaž alebo veľký počet súčasných používateľov."
    },
    {
      "question": "Ktorý testovací rámec je často používaný na automatizáciu jednotkového testovania?",
      "options": [
        "JUnit",
        "Selenium",
        "Postman",
        "Jira"
      ],
      "correct_answer": "JUnit",
      "explanation": "JUnit je populárny nástroj na automatizáciu jednotkového testovania v programovacom jazyku Java."
    },
    {
      "question": "Čo je test-driven development (TDD)?",
      "options": [
        "Proces písania testov pred implementáciou kódu",
        "Technika na optimalizáciu výkonu aplikácie",
        "Metóda na minimalizáciu rizík v softvérových projektoch",
        "Štýl návrhu používateľského rozhrania"
      ],
      "correct_answer": "Proces písania testov pred implementáciou kódu",
      "explanation": "TDD je metodika vývoja softvéru, ktorá vyžaduje písanie testov pred samotným vývojom funkčnosti."
    }
  ]
}
