{
  "questions": [
    {
      "question": "Čo je softvérový proces?",
      "options": [
        "Súbor činností na vývoj softvéru",
        "Knižnica softvérových nástrojov",
        "Model programovania",
        "Kódovací štýl"
      ],
      "correct_answer": "Súbor činností na vývoj softvéru",
      "explanation": "Softvérový proces je definovaný ako štruktúrovaný súbor činností, ktoré vedú k vývoju softvéru."
    },
    {
      "question": "Ktoré fázy zahŕňa typický softvérový proces?",
      "options": [
        "Špecifikácia, vývoj, validácia, evolúcia",
        "Analýza, návrh, testovanie",
        "Plánovanie, implementácia, údržba",
        "Inovácia, testovanie, nasadenie"
      ],
      "correct_answer": "Špecifikácia, vývoj, validácia, evolúcia",
      "explanation": "Tieto fázy sú základnými činnosťami, ktoré pokrývajú celý životný cyklus softvéru."
    },
    {
      "question": "Aký je hlavný cieľ vodopádového modelu?",
      "options": [
        "Oddeliť jednotlivé fázy vývoja",
        "Umožniť flexibilitu počas vývoja",
        "Minimalizovať náklady na vývoj",
        "Zrýchliť iterácie v procese"
      ],
      "correct_answer": "Oddeliť jednotlivé fázy vývoja",
      "explanation": "Vodopádový model organizuje vývoj softvéru do oddelených fáz, ktoré sa vykonávajú sekvenčne."
    },
    {
      "question": "Ktorá z nasledujúcich výhod patrí k inkrementálnemu vývoju?",
      "options": [
        "Znižuje riziko zlyhania",
        "Je vhodný pre stabilné požiadavky",
        "Vyžaduje menej komunikácie so zákazníkom",
        "Jednoduchšie plánovanie"
      ],
      "correct_answer": "Znižuje riziko zlyhania",
      "explanation": "Inkrementálny vývoj umožňuje rýchlejšie dodanie funkčných častí softvéru a priebežné testovanie."
    },
    {
      "question": "Čo znamená agilný vývoj?",
      "options": [
        "Iteratívny a flexibilný prístup k vývoju softvéru",
        "Striktný sekvenčný proces",
        "Automatizácia všetkých častí vývoja",
        "Minimálne zapojenie zákazníka"
      ],
      "correct_answer": "Iteratívny a flexibilný prístup k vývoju softvéru",
      "explanation": "Agilné metódy sa zameriavajú na iteratívne dodávanie softvéru s častou spoluprácou so zákazníkom."
    },
    {
      "question": "Ktoré princípy patria k agilným metódam?",
      "options": [
        "Zapojenie zákazníka, prírastkové dodanie, prispôsobivosť",
        "Minimálne zapojenie zákazníka, fixné požiadavky, dokumentácia",
        "Plánovanie dopredu, minimalizácia iterácií, striktne definované kroky",
        "Automatizácia všetkých procesov, eliminácia spätnej väzby, fixné iterácie"
      ],
      "correct_answer": "Zapojenie zákazníka, prírastkové dodanie, prispôsobivosť",
      "explanation": "Agilné metódy sú flexibilné a kladú dôraz na spoluprácu a iteratívne dodávanie funkčnosti."
    },
    {
      "question": "Aký je hlavný rozdiel medzi plánom riadenými a agilnými procesmi?",
      "options": [
        "Plán riadené procesy sú fixné, agilné sú flexibilné",
        "Agilné procesy majú viac dokumentácie",
        "Plán riadené procesy vyžadujú viac iterácií",
        "Agilné procesy nevyžadujú validáciu"
      ],
      "correct_answer": "Plán riadené procesy sú fixné, agilné sú flexibilné",
      "explanation": "Plán riadené procesy majú vopred definované fázy, zatiaľ čo agilné procesy umožňujú zmenu požiadaviek počas vývoja."
    },
    {
      "question": "Čo je integrácia a konfigurácia?",
      "options": [
        "Vývoj systému z existujúcich komponentov",
        "Sekvenčné plánovanie vývoja",
        "Automatizované testovanie softvéru",
        "Minimalizácia závislostí systému"
      ],
      "correct_answer": "Vývoj systému z existujúcich komponentov",
      "explanation": "Integrácia a konfigurácia znamená zostavenie systému z už existujúcich softvérových komponentov."
    },
    {
      "question": "Aké výhody ponúka opätovné použitie softvéru?",
      "options": [
        "Rýchlejší vývoj, nižšie náklady, vyššia spoľahlivosť",
        "Znížená flexibilita, vyššie náklady, rýchle dodanie",
        "Nižšie náklady, znížená udržiavateľnosť, rýchlejšia validácia",
        "Zlepšená interoperabilita, vyššia cena, komplikovanejší dizajn"
      ],
      "correct_answer": "Rýchlejší vývoj, nižšie náklady, vyššia spoľahlivosť",
      "explanation": "Používanie opakovane použiteľných komponentov umožňuje rýchlejší vývoj a zvyšuje spoľahlivosť systému."
    },
    {
      "question": "Aký je cieľ testovania v softvérovom procese?",
      "options": [
        "Odhalenie chýb a overenie, že softvér spĺňa požiadavky",
        "Minimalizácia času vývoja",
        "Zníženie dokumentácie",
        "Automatizácia všetkých krokov vývoja"
      ],
      "correct_answer": "Odhalenie chýb a overenie, že softvér spĺňa požiadavky",
      "explanation": "Cieľom testovania je nájsť chyby a zabezpečiť, že softvér funguje podľa požiadaviek."
    }
  ]
}
