{
  "questions": [
    {
      "question": "Čo znamená znovupoužitie softvéru?",
      "options": [
        "Opätovné použitie existujúcich softvérových komponentov",
        "Vývoj softvéru od základu",
        "Používanie open-source nástrojov na vývoj",
        "Testovanie softvéru na rôznych platformách"
      ],
      "correct_answer": "Opätovné použitie existujúcich softvérových komponentov",
      "explanation": "Znovupoužitie softvéru znamená využitie existujúcich komponentov alebo systémov pri vývoji nového softvéru."
    },
    {
      "question": "Aké sú výhody znovupoužitia softvéru?",
      "options": [
        "Rýchlejší vývoj, nižšie náklady, vyššia spoľahlivosť",
        "Znížená flexibilita, vyššia cena, pomalšie nasadenie",
        "Vyššie náklady, zvýšené riziko, komplikovaný dizajn",
        "Zlepšená dokumentácia, minimalizácia testovania, zvýšená bezpečnosť"
      ],
      "correct_answer": "Rýchlejší vývoj, nižšie náklady, vyššia spoľahlivosť",
      "explanation": "Znovupoužitie softvéru šetrí čas a náklady a zlepšuje spoľahlivosť systémov."
    },
    {
      "question": "Čo je softvérový komponent?",
      "options": [
        "Samostatná časť softvéru, ktorá môže byť opakovane použitá",
        "Celý softvérový systém určený na predaj",
        "Používateľské rozhranie aplikácie",
        "Nástroj na správu databáz"
      ],
      "correct_answer": "Samostatná časť softvéru, ktorá môže byť opakovane použitá",
      "explanation": "Softvérový komponent je modul alebo časť softvéru, ktorá má jasne definované rozhranie a môže byť použitá vo viacerých aplikáciách."
    },
    {
      "question": "Ktoré techniky podporujú znovupoužitie softvéru?",
      "options": [
        "Knižnice komponentov, generátory kódu, aplikačné rámce",
        "Manuálne programovanie, agilné metodológie, testovanie",
        "Automatické ladenie, vývoj systémov na mieru, refaktorizácia",
        "Ručná správa pamäte, manuálne ladenie, rýchly prototyp"
      ],
      "correct_answer": "Knižnice komponentov, generátory kódu, aplikačné rámce",
      "explanation": "Tieto techniky umožňujú efektívne opätovné použitie softvéru a podporujú jeho modularitu."
    },
    {
      "question": "Čo je aplikačný rámec (framework)?",
      "options": [
        "Súbor tried a knižníc, ktoré definujú štruktúru aplikácie",
        "Nástroj na automatizáciu testovania",
        "Štandardizovaný dizajn používateľského rozhrania",
        "Databázový nástroj na správu údajov"
      ],
      "correct_answer": "Súbor tried a knižníc, ktoré definujú štruktúru aplikácie",
      "explanation": "Aplikačné rámce poskytujú základnú štruktúru pre vývoj aplikácií a uľahčujú znovupoužitie kódu."
    },
    {
      "question": "Ktorý prístup najviac podporuje znovupoužitie softvéru?",
      "options": [
        "Komponentovo orientované softvérové inžinierstvo",
        "Manuálny vývoj softvéru",
        "Jednorazové prototypovanie",
        "Refaktorizácia existujúceho kódu"
      ],
      "correct_answer": "Komponentovo orientované softvérové inžinierstvo",
      "explanation": "Tento prístup podporuje opätovné použitie softvérových komponentov a umožňuje efektívnejší vývoj."
    },
    {
      "question": "Aký je rozdiel medzi generickým a špecifickým softvérom?",
      "options": [
        "Generický softvér je určený pre široké použitie, špecifický je vytvorený na mieru",
        "Generický softvér je vždy zadarmo, špecifický softvér je platený",
        "Generický softvér sa nepoužíva v podnikoch, špecifický áno",
        "Generický softvér je vždy open-source, špecifický je uzatvorený"
      ],
      "correct_answer": "Generický softvér je určený pre široké použitie, špecifický je vytvorený na mieru",
      "explanation": "Generický softvér môže byť používaný mnohými zákazníkmi, zatiaľ čo špecifický je prispôsobený konkrétnym požiadavkám."
    },
    {
      "question": "Čo je hlavným cieľom softvérových knižníc?",
      "options": [
        "Poskytnúť opakovane použiteľný kód",
        "Uložiť všetky verzie kódu",
        "Testovať softvér na kompatibilitu",
        "Generovať automatické správy o výkone"
      ],
      "correct_answer": "Poskytnúť opakovane použiteľný kód",
      "explanation": "Softvérové knižnice obsahujú kód, ktorý môže byť použitý vo viacerých aplikáciách na zníženie duplicity."
    },
    {
      "question": "Aké problémy môže priniesť znovupoužitie softvéru?",
      "options": [
        "Nezlučiteľnosť komponentov, zvýšené náklady na integráciu",
        "Znížená spoľahlivosť, zvýšené náklady na údržbu",
        "Obmedzená dokumentácia, nízka kvalita softvéru",
        "Znížená flexibilita, vyššie nároky na školenie"
      ],
      "correct_answer": "Nezlučiteľnosť komponentov, zvýšené náklady na integráciu",
      "explanation": "Znovupoužitie môže priniesť problémy s kompatibilitou a integráciou komponentov do existujúceho systému."
    },
    {
      "question": "Čo je cieľom refaktorizácie v kontexte znovupoužitia?",
      "options": [
        "Zlepšiť čitateľnosť a opätovnú použiteľnosť kódu",
        "Znížiť počet testovacích prípadov",
        "Minimalizovať počet riadkov kódu",
        "Zvýšiť výkon aplikácie bez zmeny logiky"
      ],
      "correct_answer": "Zlepšiť čitateľnosť a opätovnú použiteľnosť kódu",
      "explanation": "Refaktorizácia zlepšuje štruktúru kódu, čím ho robí ľahšie opätovne použiteľným a udržiavateľným."
    }
  ]
}
