{
  "questions": [
    {
      "question": "Čo znamená modelovanie systémov?",
      "options": [
        "Proces vytvárania abstraktných reprezentácií systému",
        "Proces testovania systému pred nasadením",
        "Metóda na automatizáciu kódu",
        "Nástroj na validáciu používateľských požiadaviek"
      ],
      "correct_answer": "Proces vytvárania abstraktných reprezentácií systému",
      "explanation": "Modelovanie systémov zahŕňa vytváranie grafických alebo textových reprezentácií na lepšie pochopenie systému."
    },
    {
      "question": "Aké typy perspektív sa využívajú pri modelovaní systémov?",
      "options": [
        "Externá, interakčná, štrukturálna, behaviorálna",
        "Funkčná, technická, vývojová, organizačná",
        "Špecifikačná, implementačná, validačná, testovacia",
        "Dizajnová, dokumentačná, analytická, výkonnostná"
      ],
      "correct_answer": "Externá, interakčná, štrukturálna, behaviorálna",
      "explanation": "Tieto perspektívy umožňujú pokryť rôzne aspekty modelovania, od prostredia po dynamické správanie systému."
    },
    {
      "question": "Čo je cieľom kontextového modelu?",
      "options": [
        "Ukázať, ako systém interaguje so svojím prostredím",
        "Definovať podrobné špecifikácie systému",
        "Optimalizovať výkon softvéru",
        "Testovať komponenty systému pred nasadením"
      ],
      "correct_answer": "Ukázať, ako systém interaguje so svojím prostredím",
      "explanation": "Kontextové modely vizualizujú vzťahy medzi systémom a vonkajšími entitami, s ktorými komunikuje."
    },
    {
      "question": "Ktorý diagram sa používa na modelovanie prípadov použitia?",
      "options": [
        "Use-case diagram",
        "Class diagram",
        "State diagram",
        "Activity diagram"
      ],
      "correct_answer": "Use-case diagram",
      "explanation": "Use-case diagramy vizualizujú, ako používateľ alebo iné systémy interagujú s modelovaným systémom."
    },
    {
      "question": "Aké informácie poskytuje sekvenčný diagram?",
      "options": [
        "Zobrazuje interakcie medzi objektmi v určitom časovom slede",
        "Popisuje stavové prechody systému",
        "Ukazuje štruktúru a vzťahy medzi triedami",
        "Vizualizuje spracovanie údajov v rámci systému"
      ],
      "correct_answer": "Zobrazuje interakcie medzi objektmi v určitom časovom slede",
      "explanation": "Sekvenčné diagramy zobrazujú, ako objekty spolu komunikujú počas vykonávania určitej funkcionality."
    },
    {
      "question": "Čo reprezentuje triedny diagram v modelovaní systémov?",
      "options": [
        "Štruktúru systému vrátane tried a ich vzťahov",
        "Procesné toky v rámci systému",
        "Dynamické správanie systému počas jeho behu",
        "Závislosti medzi modulmi softvéru"
      ],
      "correct_answer": "Štruktúru systému vrátane tried a ich vzťahov",
      "explanation": "Triedne diagramy modelujú statickú štruktúru systému, vrátane atribútov a vzťahov medzi triedami."
    },
    {
      "question": "Aký typ diagramu sa používa na modelovanie stavových prechodov?",
      "options": [
        "State diagram",
        "Use-case diagram",
        "Class diagram",
        "Sequence diagram"
      ],
      "correct_answer": "State diagram",
      "explanation": "Stavové diagramy znázorňujú, ako systém reaguje na rôzne udalosti a prechádza medzi stavmi."
    },
    {
      "question": "Čo je hlavným účelom aktivity diagramu?",
      "options": [
        "Modelovanie toku činností a procesov",
        "Popis interakcií medzi používateľom a systémom",
        "Reprezentácia statických komponentov systému",
        "Vizualizácia architektonických vzorov"
      ],
      "correct_answer": "Modelovanie toku činností a procesov",
      "explanation": "Aktivity diagramy sa používajú na znázornenie postupnosti činností a rozhodovacích bodov v systéme."
    },
    {
      "question": "Aké typy entít sa zvyčajne zobrazujú v entitno-relačnom diagrame?",
      "options": [
        "Tabuľky, stĺpce a vzťahy",
        "Triedy, objekty a metódy",
        "Stavy, prechody a akcie",
        "Procesy, toky a rozhodnutia"
      ],
      "correct_answer": "Tabuľky, stĺpce a vzťahy",
      "explanation": "Entitno-relačné diagramy sa používajú na modelovanie databázových entít a vzťahov medzi nimi."
    },
    {
      "question": "Aký je prínos modelovania systémov pri vývoji softvéru?",
      "options": [
        "Pomáha lepšie pochopiť požiadavky a štruktúru systému",
        "Minimalizuje potrebu dokumentácie",
        "Automaticky generuje kód pre systém",
        "Eliminuje potrebu testovania systému"
      ],
      "correct_answer": "Pomáha lepšie pochopiť požiadavky a štruktúru systému",
      "explanation": "Modelovanie systémov poskytuje jasnú vizualizáciu, ktorá uľahčuje komunikáciu medzi tímami a lepšie pochopenie systému."
    }
  ]
}
